{
    "misio": [
        -0.02380450628697872,
        -0.016317397356033325,
        -0.023372452706098557,
        -0.024898413568735123,
        -0.022047117352485657,
        -0.024715743958950043,
        -0.024491745978593826,
        0.10110985487699509,
        -0.027598870918154716,
        -0.025809049606323242,
        -0.021066196262836456,
        -0.025320403277873993,
        -0.02441192977130413,
        -0.023984307423233986,
        -0.024452246725559235,
        -0.01777273416519165,
        -0.02479679137468338,
        -0.024368654936552048,
        -0.02335529774427414,
        -0.02417469583451748,
        -0.024373723194003105,
        -0.024219343438744545,
        -0.024468902498483658,
        -0.024666419252753258,
        -0.023967957124114037,
        -0.022481778636574745,
        0.550419807434082,
        -0.024173183366656303,
        -0.024214018136262894,
        -0.025124767795205116,
        -0.02435043826699257,
        -0.022508088499307632,
        -0.02362200990319252,
        -0.02443145588040352,
        -0.02443973533809185,
        -0.02415209822356701,
        -0.024490032345056534,
        -0.024543164297938347,
        -0.02553362026810646,
        0.2541942596435547,
        -0.023197868838906288
    ],
    "pisio": [
        -0.023797636851668358,
        -0.02412504144012928,
        -0.024298595264554024,
        0.011881433427333832,
        -0.021975750103592873,
        -0.024717632681131363,
        -0.024491773918271065,
        -0.024663494899868965,
        -0.027614915743470192,
        -0.02588430605828762,
        -0.023748384788632393,
        0.08312413096427917,
        -0.02441192977130413,
        -0.012218188494443893,
        -0.024174317717552185,
        0.25732311606407166,
        -0.01639454998075962,
        -0.024290023371577263,
        -0.023355280980467796,
        -0.02417461760342121,
        -0.015323341824114323,
        -0.02421555109322071,
        -0.024468902498483658,
        -0.025498755276203156,
        -0.018638014793395996,
        -0.022138606756925583,
        0.034579768776893616,
        -0.0240748543292284,
        -0.024217452853918076,
        -0.025065990164875984,
        -0.02435041032731533,
        -0.022499149665236473,
        -0.023618290200829506,
        -0.024563787505030632,
        0.020475663244724274,
        -0.022327279672026634,
        -0.02377009205520153,
        -0.02450689859688282,
        -0.025533704087138176,
        0.4014846980571747,
        -0.01971452869474888
    ],
    "41": [
        0.04457154870033264,
        -0.01780575141310692,
        -0.0022408459335565567,
        -0.018557440489530563,
        -0.0228879414498806,
        -0.005846505984663963,
        -0.016095589846372604,
        -0.021305622532963753,
        -0.027615496888756752,
        0.010749692097306252,
        -0.002354152500629425,
        -0.02097797766327858,
        -0.021495962515473366,
        -0.021163180470466614,
        0.08517801761627197,
        -0.03178158774971962,
        0.03193940594792366,
        -0.021087149158120155,
        -0.020492278039455414,
        0.0877656489610672,
        0.03609435632824898,
        0.006510516628623009,
        -0.004801608622074127,
        -0.019640151411294937,
        -0.003150835633277893,
        0.01596030592918396,
        0.026724684983491898,
        -0.024545898661017418,
        -0.011459306813776493,
        0.0844576358795166,
        -0.02373459003865719,
        0.01956385187804699,
        -0.0010051671415567398,
        -0.014711689203977585,
        -0.020246241241693497,
        -0.027484167367219925,
        -0.025832517072558403,
        0.0012340694665908813,
        -0.020425796508789062,
        -0.0074626244604587555,
        0.025464262813329697
    ],
    "42": [
        -0.005718069151043892,
        0.00782320462167263,
        -0.01790114864706993,
        0.07587751001119614,
        -0.0270973052829504,
        -0.023472651839256287,
        -0.0228935107588768,
        -0.02298792451620102,
        -0.022938022390007973,
        -0.02221105247735977,
        -0.024646958336234093,
        0.030755290761590004,
        -0.025031570345163345,
        -0.026263782754540443,
        -0.019624246284365654,
        -0.02776256762444973,
        -0.02058914117515087,
        -0.02123834937810898,
        -0.026172418147325516,
        -0.018491234630346298,
        -0.027609430253505707,
        0.022136831656098366,
        -0.025104839354753494,
        -0.026359954848885536,
        0.30010151863098145,
        -0.019211888313293457,
        -0.01830407604575157,
        0.22138556838035583,
        -0.022826019674539566,
        -0.023395519703626633,
        -0.023946939036250114,
        -0.027101105079054832,
        -0.024221545085310936,
        -0.021326985210180283,
        0.06627970933914185,
        0.00109969824552536,
        -0.02358795329928398,
        -0.02486700750887394,
        -0.024283848702907562,
        -0.005938975140452385,
        -0.012327310629189014
    ],
    "43": [
        -0.00282939150929451,
        -0.01787777990102768,
        -0.015891820192337036,
        0.007006576284766197,
        -0.016476638615131378,
        -0.01680581271648407,
        -0.021244529634714127,
        -0.021327540278434753,
        -0.027703246101737022,
        -0.01956266351044178,
        -0.021945128217339516,
        0.1496344953775406,
        -0.02429753914475441,
        -0.024139588698744774,
        0.013002010062336922,
        -0.03032335266470909,
        -0.004141617566347122,
        -0.02072330191731453,
        -0.025474706664681435,
        -0.016510814428329468,
        0.005436096340417862,
        -0.0041895657777786255,
        -0.01662726327776909,
        -0.01996166631579399,
        -0.003155667334794998,
        0.061042141169309616,
        -0.009437208995223045,
        -0.004498304799199104,
        -0.016788102686405182,
        0.021526891738176346,
        -0.02392035536468029,
        -0.010423360392451286,
        -0.0025608837604522705,
        0.049736522138118744,
        0.0006648916751146317,
        -0.02466823160648346,
        -0.018432483077049255,
        -0.02359265834093094,
        -0.01809888891875744,
        0.11715935170650482,
        0.09842712432146072
    ],
    "44": [
        -0.014172280207276344,
        -0.01971275731921196,
        -0.020666662603616714,
        -0.018973490223288536,
        -0.020381595939397812,
        -0.01760490983724594,
        -0.014441407285630703,
        -0.024365348741412163,
        -0.02770492620766163,
        -0.015386519953608513,
        -0.01563277840614319,
        -0.02104232832789421,
        -0.024373413994908333,
        -0.021093735471367836,
        0.023531226441264153,
        -0.03348643705248833,
        0.11182823777198792,
        -0.021238313987851143,
        -0.017760727554559708,
        0.204711452126503,
        0.0779639184474945,
        0.006334992125630379,
        -0.02381690964102745,
        -0.016549091786146164,
        -0.017294004559516907,
        0.07178303599357605,
        -0.010760732926428318,
        -0.02461574226617813,
        -0.019604628905653954,
        0.01304609701037407,
        -0.02393534779548645,
        0.009666403755545616,
        0.09090990573167801,
        -0.021327458322048187,
        -0.018586892634630203,
        -0.02765742875635624,
        -0.024802416563034058,
        -0.024797875434160233,
        -0.006784940138459206,
        -0.013848453760147095,
        0.012650169432163239
    ],